Price,Living.Area,Bathrooms,Bedrooms,Fireplaces,Lot.Size,Age,Fireplace
142212,1982,1,3,0,2,133,FALSE
134865,1676,1.5,3,1,0.38,14,TRUE
118007,1694,2,3,1,0.96,15,TRUE
138297,1800,1,2,2,0.48,49,TRUE
129470,2088,1,3,1,1.84,29,TRUE
206512,1456,2,3,0,0.98,10,FALSE
50709,960,1.5,2,0,NA,12,FALSE
108794,1464,1,2,0,0.11,87,FALSE
68353,1216,1,2,0,0.61,101,FALSE
123266,1632,1.5,3,0,0.23,14,FALSE
309808,2270,2.5,3,2,4.05,9,TRUE
157946,1804,2.5,3,1,0.43,0,TRUE
80248,1600,1.5,3,0,0.36,16,FALSE
135708,1460,2,2,0,0.18,17,FALSE
173723,1548,2,3,1,0.36,0,TRUE
140510,1590,2.5,3,1,0.42,0,TRUE
122221,1170,1.5,4,0,3,26,FALSE
151917,1510,2.5,3,1,0.39,0,TRUE
235105,2299,2.5,4,1,0.8,6,TRUE
259999,2577,2.5,4,1,0.77,1,TRUE
211517,2328,2.5,4,1,0.85,10,TRUE
102068,1172,2.5,3,1,0.85,73,TRUE
128440,1554,1.5,3,0,4.87,103,FALSE
115659,1242,2,3,1,0.72,30,TRUE
145583,1376,2,3,1,0.46,25,TRUE
116289,1107,1,3,1,0.46,43,TRUE
238792,2250,2.5,4,1,2.48,10,TRUE
221925,2472,2,4,0,0.62,183,FALSE
310696,2843,2.5,4,1,0.71,5,TRUE
139079,1400,1.5,3,1,1,35,TRUE
109578,1342,1,2,1,0.57,41,TRUE
65325,813,1,2,0,0.39,68,FALSE
89893,1480,2.5,2,1,0.29,14,TRUE
87588,1392,1,2,0,0.24,17,FALSE
132311,1512,1.5,3,1,0.25,13,TRUE
131411,1512,1.5,3,1,0.05,13,TRUE
158863,1696,2.5,3,1,0.71,5,TRUE
130490,1595,2,3,1,0.22,6,TRUE
88207,1480,1.5,3,0,0.07,14,FALSE
178767,2291,2.5,4,1,0.1,0,TRUE
148246,1391,2,3,0,0.04,12,FALSE
205073,2501,2.5,4,0,0.07,0,FALSE
185323,1662,2,3,0,0.5,0,FALSE
71904,957,1,3,0,0.19,45,FALSE
82556,1480,1.5,3,1,0.1,14,TRUE
199684,2275,2.5,4,0,2.17,0,FALSE
122221,1440,1,3,1,2.12,32,TRUE
81762,1008,1,3,0,0.33,41,FALSE
84291,1480,2.5,2,1,0.07,14,TRUE
206512,2116,2.5,3,1,2.17,0,TRUE
105363,1100,1,3,1,0.2,93,TRUE
45004,960,1,2,0,0.54,11,FALSE
62105,1228,1,2,0,0.31,53,FALSE
103508,1560,1.5,3,1,0.88,16,TRUE
157513,2164,2,3,1,0.69,183,TRUE
79893,2634,2.5,4,0,0.24,83,FALSE
88770,1000,1,3,0,0.52,91,FALSE
115312,912,1,2,0,0.46,14,FALSE
118952,1572,1.5,3,0,1.61,16,FALSE
103861,1700,1,3,1,0.46,25,TRUE
112649,1350,1.5,3,0,0.46,26,FALSE
127385,1416,1.5,3,0,0.37,11,FALSE
153129,1560,2,3,1,1,4,TRUE
143808,1572,1.5,3,0,0.46,7,FALSE
133067,1326,2,4,0,0.46,7,FALSE
226742,1989,2,3,1,1,247,TRUE
98652,1158,1.5,3,0,0.86,14,FALSE
111394,1272,1.5,3,0,0.34,1,FALSE
101418,1852,2,4,1,0.92,37,TRUE
139219,2308,3,2,0,0.45,5,FALSE
115248,1700,2,2,0,0.69,15,FALSE
99574,1628,1.5,2,1,0.32,30,TRUE
224818,2738,2.5,2,1,0.76,12,TRUE
108459,1292,1.5,3,0,0.34,25,FALSE
107919,1056,2,2,0,0.52,7,FALSE
45904,1328,1,4,0,0.19,103,FALSE
83617,1272,1.5,4,0,0.19,115,FALSE
154723,1944,2.5,3,0,2.13,0,FALSE
101258,1232,1,3,1,0.72,43,TRUE
118949,1164,2,3,0,0.52,5,FALSE
128717,1215,1.5,3,0,0.23,41,FALSE
136379,1486,2.5,3,0,0.38,0,FALSE
124367,1272,1.5,3,0,0.34,1,FALSE
62938,1064,1,3,0,0.13,95,FALSE
172016,1547,2,3,0,0.72,11,FALSE
106524,1148,1,3,0,0.35,7,FALSE
147412,1821,2.5,3,0,1,0,FALSE
111221,1056,1,3,0,0.81,27,FALSE
75862,995,1,3,0,0.38,47,FALSE
109578,1176,2,3,0,0.64,5,FALSE
119166,912,1,2,0,0.11,68,FALSE
185318,1500,1.5,4,2,0.58,208,TRUE
104749,1852,1,4,0,0.1,147,FALSE
44674,1214,1,3,0,0.14,103,FALSE
80540,1380,1.5,2,0,0.13,0,FALSE
93773,1324,1.5,3,0,0.19,5,FALSE
109999,1218,1.5,3,1,1.43,0,TRUE
16858,1629,1,3,0,0.76,180,FALSE
114326,1053,1,3,1,1,41,TRUE
106524,1308,1,2,0,1.35,17,FALSE
160995,1344,1.5,2,1,4,15,TRUE
139079,1608,1,3,1,0.44,63,TRUE
59003,3285,2,5,0,0.42,233,FALSE
147425,1582,1.5,3,0,0.35,11,FALSE
144695,1642,2,3,1,0.4,11,TRUE
130229,1248,2,3,0,0.35,11,FALSE
119840,1411,1,3,1,0.38,48,TRUE
129723,1593,1,3,1,1.8,63,TRUE
133595,1666,2.5,3,1,0.2,1,TRUE
126311,1471,2.5,3,0,0.08,4,FALSE
167693,1876,2.5,3,1,0.34,1,TRUE
103958,1486,1.5,3,0,0.1,16,FALSE
155488,1747,2.5,3,0,0.36,1,FALSE
152112,1512,2.5,3,1,0.36,18,TRUE
228619,2527,2.5,4,1,0.46,1,TRUE
139435,1666,2.5,3,0,0.19,0,FALSE
161923,1456,2,3,1,0.75,1,TRUE
261011,3015,2.5,4,1,0.46,1,TRUE
120115,967,2,4,0,1.2,55,FALSE
153013,1720,2,4,1,0.72,31,TRUE
298923,3515,2.5,4,1,0.51,0,TRUE
271791,2815,2.5,4,1,0.48,1,TRUE
126498,720,1,3,0,1,113,FALSE
267731,3001,2.5,5,1,0.66,0,TRUE
181979,1822,2.5,3,1,0.47,4,TRUE
145663,1666,2.5,3,1,0.2,1,TRUE
128273,1343,2.5,2,1,0.12,15,TRUE
106524,1144,1,2,1,0.18,16,TRUE
101997,1214,1.5,2,0,NA,17,FALSE
110963,1888,1,3,1,0.47,18,TRUE
147625,1668,2,2,0,0.19,16,FALSE
466044,3853,2.5,4,1,0.54,5,TRUE
116321,1486,1.5,3,0,0.1,16,FALSE
194880,2278,2.5,4,1,0.45,0,TRUE
143294,1360,1,4,0,0.92,53,FALSE
387652,3504,2.5,5,3,0.9,0,TRUE
240890,1921,2,3,1,0.46,0,TRUE
260460,3726,2.5,4,1,2.31,3,TRUE
90354,912,1.5,2,0,0.16,16,FALSE
192694,2079,2.5,3,0,0.44,11,FALSE
102801,1184,2,3,0,0.16,18,FALSE
79567,908,1,2,0,0.16,19,FALSE
101708,1492,2.5,3,0,0.17,16,FALSE
162913,2011,2.5,4,1,0.99,12,TRUE
75606,912,1.5,2,0,0.15,19,FALSE
175874,2195,2,3,1,0.45,1,TRUE
159313,1561,1.5,4,0,0.32,17,FALSE
207237,2656,2.5,4,1,0.41,1,TRUE
205397,2425,2.5,4,1,0.42,0,TRUE
79116,908,1,2,0,0.15,19,FALSE
161923,1158,1.5,3,0,0.57,7,FALSE
133155,1334,1.5,3,0,0.77,7,FALSE
159786,1561,1.5,3,1,0.32,16,TRUE
102405,1680,2,3,0,0.12,15,FALSE
114514,1514,2,3,0,0.16,17,FALSE
162006,1656,1.5,3,1,0.33,17,TRUE
93815,1184,1.5,2,0,0.15,19,FALSE
181140,2648,2.5,4,1,0.43,0,TRUE
137309,1092,1.5,3,0,0.35,33,FALSE
136551,1880,2,3,0,0.62,7,FALSE
107049,1592,2,3,0,0.16,16,FALSE
163524,2516,2,3,1,2.96,40,TRUE
181140,2310,3,4,1,0.56,31,TRUE
317120,3076,3.5,4,1,0.92,0,TRUE
77547,908,1,2,0,0.16,19,FALSE
81762,912,1.5,2,0,0.15,19,FALSE
147517,1680,1,4,0,0.45,27,FALSE
263226,3355,2.5,4,1,0.83,1,TRUE
163191,1886,2.5,3,1,0.43,16,TRUE
125920,1605,2.5,3,1,0.15,0,TRUE
164623,1772,2,3,1,0.29,0,TRUE
161562,2044,2.5,3,1,0.37,16,TRUE
163781,1124,1,3,0,0.45,26,FALSE
235152,3192,3,4,1,0.11,2,TRUE
120639,1498,1.5,2,1,0.18,0,TRUE
123834,1092,1,5,0,0.33,72,FALSE
76342,896,1,2,0,0,48,FALSE
79982,1572,1.5,4,0,0.39,41,FALSE
69152,986,1,3,0,0.06,133,FALSE
71647,2087,2.5,3,1,0.56,0,TRUE
140765,1596,1.5,3,0,0.28,49,FALSE
91792,908,1,2,0,0.16,17,FALSE
134865,1500,1.5,3,2,0.49,31,TRUE
139079,1719,1.5,3,1,0.53,25,TRUE
244443,2810,2.5,4,2,0.74,14,TRUE
162091,1806,2.5,3,1,1.59,0,TRUE
263226,3355,2.5,4,1,0.83,1,TRUE
126010,1760,1,4,1,0.52,37,TRUE
173102,1896,1.5,3,1,0.42,17,TRUE
120639,1498,1.5,2,1,0.18,0,TRUE
139079,1248,2,3,0,0.75,37,FALSE
189654,2320,2.5,4,1,0.65,16,TRUE
89432,1132,1,2,1,0.16,25,TRUE
196317,2359,2.5,4,1,0.61,1,TRUE
209122,3476,2.5,4,1,0.34,20,TRUE
140602,1693,1.5,3,1,0.37,26,TRUE
170567,1585,1.5,3,1,0.95,16,TRUE
111875,1758,2,3,0,0.3,25,FALSE
225885,2524,2.5,4,1,0.48,6,TRUE
163652,1908,2.5,3,1,0.27,25,TRUE
119858,1476,1.5,3,1,0.22,24,TRUE
212830,2266,2.5,4,1,0.26,0,TRUE
142907,1920,2,3,1,0.59,31,TRUE
193524,1730,2.5,3,1,0.66,1,TRUE
189836,1726,2,3,1,0.06,26,TRUE
154432,1644,2.5,4,1,0.3,20,TRUE
248204,1908,2,3,1,0.26,0,TRUE
175514,2475,2.5,4,1,0.59,35,TRUE
297024,3020,2.5,4,2,0.77,2,TRUE
175514,2310,2.5,5,1,0.45,36,TRUE
201616,2119,2.5,4,1,0.76,16,TRUE
562546,5228,4,4,4,0.45,14,TRUE
172814,2056,1.5,4,1,0.42,35,TRUE
232894,2500,2.5,4,1,0.57,0,TRUE
169124,2576,2.5,5,1,0.69,34,TRUE
232219,2541,2.5,4,1,0.49,5,TRUE
247520,2445,2.5,4,2,0.38,18,TRUE
224928,2185,2.5,3,1,0.74,14,TRUE
294133,3981,3,4,1,0.69,0,TRUE
228806,2577,2.5,4,1,0.29,0,TRUE
170600,1728,2.5,3,1,0.27,0,TRUE
175784,1837,1.5,3,0,0.52,18,FALSE
229055,2500,2.5,4,1,0.5,0,TRUE
157513,1910,2.5,4,1,0.58,19,TRUE
308750,2958,2.5,4,1,0.92,0,TRUE
202157,2564,2.5,4,1,0.59,30,TRUE
241885,2604,3,4,1,0.24,0,TRUE
297380,2906,2.5,4,1,0.62,2,TRUE
119751,1480,1.5,3,0,0.11,17,FALSE
153129,1872,1.5,4,1,0.56,32,TRUE
156679,1911,1.5,4,1,0.43,35,TRUE
102086,1302,1.5,2,0,0.06,16,FALSE
149933,1664,2,3,1,0.38,25,TRUE
228375,2512,2.5,4,1,0.04,0,TRUE
261872,2380,2.5,3,1,0.95,9,TRUE
161118,1887,2.5,4,1,0.56,27,TRUE
190856,2086,2.5,4,1,0.46,14,TRUE
140701,1554,2,2,3,0.53,20,TRUE
368396,3358,3.5,4,1,0.58,9,TRUE
250976,2394,2.5,4,1,0.6,0,TRUE
180032,2066,2.5,4,1,0.41,32,TRUE
332888,3111,2.5,4,1,0.5,3,TRUE
177452,2402,2.5,4,1,0.47,28,TRUE
219262,2327,2.5,4,1,0.29,10,TRUE
254327,2541,2.5,4,1,0.5,5,TRUE
197105,1894,2,3,1,0.34,0,TRUE
166888,1740,1.5,3,0,0.46,26,FALSE
115401,1480,1.5,3,0,0.18,18,FALSE
208610,1752,2.5,3,1,0.74,10,TRUE
107892,1375,1.5,2,1,0.2,20,TRUE
143294,1918,2,3,1,0.3,29,TRUE
282373,2793,2.5,3,1,NA,21,TRUE
239301,2619,2.5,4,1,0.4,0,TRUE
143210,1744,1.5,4,1,0.57,35,TRUE
379678,3720,4,5,1,0.8,0,TRUE
221263,2000,2.5,3,0,0.73,22,FALSE
111264,1142,1.5,3,0,0.19,18,FALSE
252872,2612,2.5,4,1,0.56,23,TRUE
172315,2008,2.5,4,1,0.32,0,TRUE
182068,2035,2.5,4,1,0.43,35,TRUE
94405,1375,1.5,2,0,0.09,22,FALSE
26130,822,1,2,0,0.56,173,FALSE
308218,3597,2.5,4,1,0.51,0,TRUE
117164,1536,1,2,1,2.84,55,TRUE
173639,1910,2.5,4,1,0.37,18,TRUE
282289,3017,3.5,4,1,0.49,0,TRUE
198083,1971,2.5,4,1,0.49,7,TRUE
100306,1314,1.5,2,0,0.1,19,FALSE
181225,1944,2.5,4,1,0.26,25,TRUE
103677,1375,1.5,2,1,0.08,21,TRUE
86651,1140,1.5,2,0,0.08,18,FALSE
96934,1480,1.5,3,0,0.08,19,FALSE
130650,2110,2,3,1,0.92,52,TRUE
105843,972,1,3,0,0.36,40,FALSE
114513,960,2,2,0,0.63,11,FALSE
160426,2262,2,4,0,0.46,21,FALSE
105363,864,1,3,0,1,128,FALSE
189995,2150,2,4,0,1.2,104,FALSE
104084,1170,2,2,0,2.5,10,FALSE
210081,1596,1,3,1,3.14,29,TRUE
137508,1530,2,3,1,0.48,20,TRUE
111436,1380,1.5,3,0,0.14,2,FALSE
74422,1708,1,2,2,0.87,39,TRUE
107912,1308,1,3,0,0.46,26,FALSE
123757,1416,1.5,3,0,1.94,5,FALSE
139800,1900,1.5,3,1,0.37,12,TRUE
77921,1704,1,2,0,2.5,177,FALSE
145123,1372,1.5,3,0,0.69,26,FALSE
104412,1480,1.5,2,1,0.17,15,TRUE
391842,3003,3.5,4,1,0.46,88,TRUE
118468,1298,1,3,1,0.17,44,TRUE
176698,1772,2.5,3,1,0.06,14,TRUE
63852,1536,1.5,4,1,0.46,30,TRUE
212103,1400,2,3,1,0.98,25,TRUE
146611,1580,1.5,5,0,1,26,FALSE
113444,1656,1,3,0,0.1,94,FALSE
47630,1235,1,3,1,0.32,84,TRUE
63101,1628,1,2,0,0.06,124,FALSE
51183,1144,1,3,0,0.64,15,FALSE
92436,1300,1,3,0,1.08,10,FALSE
114513,1560,1.5,3,0,1.59,5,FALSE
269063,3319,2.5,3,0,2,20,FALSE
127303,1210,1,2,1,0.7,17,TRUE
133612,1768,1.5,4,1,0.37,48,TRUE
137508,1164,1,3,1,2,54,TRUE
145147,1832,2,4,1,0.52,47,TRUE
107306,1276,2,3,0,4.67,29,FALSE
260228,2092,2.5,4,1,3.64,0,TRUE
104412,2116,2,4,0,0.05,74,FALSE
120476,1248,2,3,0,1,14,FALSE
118409,2128,2,4,0,1,7,FALSE
146611,1056,1,2,0,9,5,FALSE
85560,2068,1,4,1,1,104,TRUE
205498,3069,3.5,4,1,1.05,13,TRUE
163478,2334,2,4,0,0.44,39,FALSE
137540,1551,1,4,0,1.95,97,FALSE
116862,1456,1,4,1,0.4,54,TRUE
109633,775,1,2,0,0.46,47,FALSE
156606,1756,1.5,3,1,0.85,24,TRUE
139418,1296,2,4,1,0.38,51,TRUE
122229,1404,2,3,0,0.68,72,FALSE
179524,1632,2,4,1,0.57,20,TRUE
111633,1564,1,3,1,0.32,54,TRUE
134266,1501,2,3,1,0.4,44,TRUE
130239,1586,1.5,3,1,0.6,49,TRUE
121680,1412,1.5,3,0,0.35,103,FALSE
199187,2223,2.5,4,0,4.34,9,FALSE
126311,1370,1,3,1,0.45,27,TRUE
265637,3030,2.5,4,1,0.5,1,TRUE
229915,2103,2.5,4,1,0.06,6,TRUE
161473,1560,1,2,1,2,43,TRUE
150909,1512,1.5,3,0,0.6,7,FALSE
287360,3133,3,4,1,0.5,1,TRUE
189912,2316,2.5,3,1,0.54,7,TRUE
109040,1198,1,2,0,0.37,13,FALSE
144561,1292,2,3,1,0.22,4,TRUE
90678,957,1,3,0,0.18,49,FALSE
89955,1216,1,3,0,0.21,129,FALSE
122082,2256,1.5,4,0,0.17,124,FALSE
84333,2043,1.5,4,1,0.32,94,TRUE
144571,1512,1.5,3,1,0.05,13,TRUE
180803,1570,2,3,1,0.92,14,TRUE
198622,1616,2,2,1,1,36,TRUE
120192,1404,2,3,0,6.13,7,FALSE
163102,1552,1.5,3,1,0.46,9,TRUE
184515,1472,1.5,4,1,0.7,3,TRUE
189654,2367,2.5,4,1,0.36,4,TRUE
135820,1475,2,3,1,0.46,20,TRUE
150022,1632,2.5,4,1,0.5,30,TRUE
189776,1964,2.5,4,1,0.48,6,TRUE
196603,2064,2.5,4,1,0.84,3,TRUE
161839,1601,1.5,3,1,0.03,8,TRUE
202836,2284,1.5,3,1,0.28,29,TRUE
156797,1672,2.5,3,1,0.15,0,TRUE
222198,2495,2.5,4,1,0.41,26,TRUE
103262,1176,1.5,2,0,0.22,31,FALSE
253545,1498,1,2,1,0.4,51,TRUE
116170,1272,1,3,0,0.26,31,FALSE
112509,1138,1,3,0,0.14,98,FALSE
355529,2186,2.5,3,0,1.4,12,FALSE
204643,1743,2.5,3,1,0.15,0,TRUE
135011,2488,2,3,1,0.41,24,TRUE
106659,936,1,3,0,0.4,34,FALSE
323819,2592,3,3,0,0.16,1,FALSE
135011,1327,2,2,1,0.67,35,TRUE
126010,864,1.5,3,0,0.16,37,FALSE
216018,1216,1.5,3,0,0.14,75,FALSE
446436,3467,2.5,4,1,0.34,3,TRUE
133155,1480,2.5,3,1,0.03,16,TRUE
146471,892,1,2,0,0.29,113,FALSE
329484,2786,2.5,4,1,0.39,0,TRUE
509488,3530,3.5,4,1,2.05,0,TRUE
110963,1568,1.5,3,0,0.05,18,FALSE
300931,847,1,2,0,0.55,78,FALSE
255303,2242,2.5,3,0,0.07,0,FALSE
150909,1374,1.5,3,0,0.18,44,FALSE
184109,1920,2.5,3,1,0.16,0,TRUE
173446,2124,2.5,3,1,0.14,0,TRUE
127740,1480,2.5,3,1,0.03,16,TRUE
213048,2022,2.5,3,1,0.48,0,TRUE
114070,1098,1,2,0,0.1,113,FALSE
205947,1224,1,2,0,0.27,63,FALSE
209226,2550,2.5,3,1,0.46,0,TRUE
134378,1279,1,3,0,0.28,31,FALSE
113371,1177,1.5,3,0,0.17,36,FALSE
261301,1859,1.5,3,0,0.14,85,FALSE
218734,2219,2.5,4,1,0.3,15,TRUE
254944,2579,2.5,4,1,0.72,0,TRUE
143252,1568,1.5,3,0,0.16,18,FALSE
99463,912,1,3,0,0.26,31,FALSE
123064,1209,1,2,0,0.19,73,FALSE
243305,2242,2.5,3,0,0.08,0,FALSE
212846,2270,2.5,3,1,0.46,0,TRUE
378465,3457,2.5,3,2,1,20,TRUE
263408,1738,2,3,0,0.22,5,FALSE
189654,1334,1.5,2,0,0.13,122,FALSE
357384,2322,2.5,3,1,0.27,0,TRUE
265515,1870,2.5,3,1,0.11,4,TRUE
168497,1888,2,3,0,0.39,6,FALSE
132088,1368,1,3,0,0.24,33,FALSE
130518,1200,1.5,3,0,0.32,1,FALSE
92519,1368,1,3,0,0.38,34,FALSE
229761,2230,2.5,3,0,0.62,1,FALSE
231298,1800,2.5,3,1,0.07,16,TRUE
152822,1043,1,3,0,0.15,104,FALSE
224888,1200,1,2,0,0.16,65,FALSE
244124,2346,2.5,4,1,0.35,0,TRUE
148989,792,1,3,0,0.13,36,FALSE
236936,2300,2.5,3,1,0.07,16,TRUE
261031,2280,2.5,4,1,0.47,24,TRUE
246976,1652,1.5,3,1,0.05,4,TRUE
120476,2238,1.5,3,1,0.21,114,TRUE
168065,1016,2,2,0,NA,41,FALSE
173794,1970,2.5,4,1,0.59,18,TRUE
213901,1680,2,3,1,0.39,27,TRUE
217797,1386,1.5,2,0,0.23,92,FALSE
171885,1550,2.5,2,1,0.07,16,TRUE
286474,2058,2.5,4,1,1.33,26,TRUE
174940,1126,2,3,1,0.22,46,TRUE
261647,1850,2.5,4,1,0.19,16,TRUE
138424,1673,1,3,1,0.29,27,TRUE
148967,2208,2.5,3,1,0.05,17,TRUE
200940,1116,2,3,0,0.24,38,FALSE
234429,1470,2.5,3,0,0.13,3,FALSE
476301,2986,2.5,4,1,2.37,12,TRUE
333411,3356,2.5,4,1,0.34,6,TRUE
247639,1016,2,2,0,NA,41,FALSE
122796,1612,1,3,1,0.29,34,TRUE
279083,1908,2,3,1,0.22,16,TRUE
177124,1064,1,2,1,0.1,77,TRUE
160007,2078,1.5,4,0,0.22,33,FALSE
154798,2470,2.5,4,1,0.34,26,TRUE
373227,2058,1.5,2,1,0.23,49,TRUE
122257,1400,1.5,3,0,1,17,FALSE
165213,1664,3,3,0,0.99,10,FALSE
128040,1488,2.5,3,1,2.15,1,TRUE
120476,1120,2,3,0,0.73,7,FALSE
64174,672,1,2,0,0.36,46,FALSE
124492,1164,2,3,0,0.34,8,FALSE
111534,1032,1,3,0,0.75,4,FALSE
114590,1736,2,3,1,0.38,37,TRUE
97783,1061,1,3,1,0.92,48,TRUE
64552,1298,1,3,0,0.24,106,FALSE
114238,1164,2,3,0,0.64,7,FALSE
57678,924,1,1,0,0.17,104,FALSE
89232,960,1,3,0,1,51,FALSE
72189,1594,1.5,4,0,0.21,81,FALSE
210081,2008,2.5,4,1,0.46,19,TRUE
126049,1268,1,3,1,0.56,25,TRUE
98790,1480,1.5,3,1,0.08,16,TRUE
103408,1034,1.5,2,1,0.21,14,TRUE
102806,1480,1.5,3,1,0.08,15,TRUE
159843,1350,1.5,2,1,0.68,1,TRUE
111353,1248,1.5,3,0,1.28,0,FALSE
234954,2294,3.5,4,1,0.52,0,TRUE
103256,1492,1.5,3,0,0.15,16,FALSE
81580,1336,1.5,2,1,0.35,20,TRUE
229180,2310,2.5,4,1,1.4,3,TRUE
116882,1542,2.5,3,0,0.25,10,FALSE
154238,1984,2.5,2,0,0.27,11,FALSE
100839,1480,1.5,2,0,0.12,17,FALSE
122257,1856,1.5,3,1,0.6,36,TRUE
128040,1688,1,3,1,0.03,29,TRUE
102806,1248,1,3,1,0.96,46,TRUE
236055,2405,2.5,4,1,1.63,16,TRUE
91672,1392,1.5,3,0,0.26,21,FALSE
130757,1394,1,4,0,0.46,33,FALSE
200793,1940,2,3,0,0.85,9,FALSE
202836,2068,2.5,4,1,0.46,17,TRUE
60238,1664,1.5,3,0,0.21,76,FALSE
40932,1320,1,3,0,0.17,90,FALSE
92519,1281,2.5,2,1,0.02,19,TRUE
148692,1397,1.5,2,1,0.76,14,TRUE
123910,1620,2.5,3,1,0.86,1,TRUE
103258,1344,1.5,3,0,0.64,16,FALSE
394532,3361,3.5,4,1,0.71,1,TRUE
187104,2040,2.5,4,1,0.65,1,TRUE
97476,1219,1.5,2,0,NA,19,FALSE
125562,1253,1.5,2,1,0.21,16,TRUE
208048,1876,2.5,3,1,0.24,1,TRUE
334556,3296,2.5,4,1,0.61,6,TRUE
134933,1496,1,3,1,0.25,37,TRUE
178140,2200,2.5,4,1,0.61,1,TRUE
345364,3308,2.5,4,1,0.66,7,TRUE
285500,3328,2.5,4,1,0.35,0,TRUE
228904,1824,2.5,3,1,0.18,11,TRUE
207018,2147,2.5,4,1,0.61,9,TRUE
257015,2093,2.5,3,1,0.46,1,TRUE
160635,1336,2,3,0,0.32,11,FALSE
329221,2934,2.5,3,1,0.66,9,TRUE
136499,1152,1,3,0,0.8,36,FALSE
121279,1348,2.5,2,1,0,18,TRUE
240952,2376,2.5,4,1,0.06,10,TRUE
340545,2926,3,4,1,0.84,11,TRUE
176846,2249,2.5,4,1,0.59,1,TRUE
312448,2919,2.5,4,1,0.05,5,TRUE
314912,3423,2.5,4,1,0.38,0,TRUE
171885,1536,2.5,3,1,0.72,7,TRUE
225742,2216,2.5,3,1,0.5,8,TRUE
240639,2572,2.5,4,1,0.94,9,TRUE
236742,2412,2.5,4,1,0.55,10,TRUE
99311,1281,2.5,2,1,NA,18,TRUE
136192,1623,1.5,4,1,0.44,36,TRUE
223266,2619,2.5,4,1,0.53,4,TRUE
133215,1364,1.5,2,1,0.14,19,TRUE
77650,1620,1.5,4,0,0.04,99,FALSE
150505,1785,2.5,3,0,0.17,1,FALSE
169343,1796,2.5,3,0,0.92,14,FALSE
115566,1184,2,3,0,0.15,17,FALSE
154528,1785,2.5,3,0,0.16,1,FALSE
218184,2655,2.5,4,1,0.37,1,TRUE
366772,3200,2.5,4,1,1.27,1,TRUE
199990,2011,2.5,4,0,0.67,12,FALSE
303599,3329,1.5,3,0,0.62,14,FALSE
94774,1240,1.5,2,0,0.15,17,FALSE
98389,1184,1.5,2,0,0.15,18,FALSE
110115,1385,1.5,2,2,0.16,17,TRUE
160349,1732,1.5,3,2,0.31,17,TRUE
75094,728,1,2,0,0.06,22,FALSE
152404,1508,2,3,1,0.33,16,TRUE
154314,1466,1,3,1,0.23,62,TRUE
99311,690,1,3,0,0.04,114,FALSE
110770,911,1,2,0,0.12,114,FALSE
157370,1656,1.5,3,1,0.33,19,TRUE
148203,1782,1.5,3,0,0.34,36,FALSE
85585,912,1.5,2,0,0.16,20,FALSE
137606,1508,1.5,3,0,0.34,19,FALSE
110889,1266,1,3,1,0.03,134,TRUE
96004,912,1.5,2,0,0.16,18,FALSE
119001,1506,1.5,3,1,0.46,24,TRUE
74421,1928,2,4,1,0.27,134,TRUE
145123,1536,2,3,0,0.98,6,FALSE
163728,1811,2.5,3,1,0.46,19,TRUE
193497,1948,2.5,3,1,1.13,13,TRUE
73892,864,1.5,3,0,0.07,114,FALSE
113367,1760,1.5,4,1,0.27,133,TRUE
162984,1872,1.5,3,0,0.36,18,FALSE
202800,2250,2.5,4,0,0.31,2,FALSE
84291,924,1,3,0,0.91,15,FALSE
98632,1406,1.5,2,0,0.16,19,FALSE
155713,3535,3,4,2,4.2,39,TRUE
146626,1561,1.5,3,0,0.33,18,FALSE
92932,988,2,2,0,0.15,19,FALSE
164419,1785,2.5,3,1,0.16,1,TRUE
218184,2655,2.5,4,1,0.37,1,TRUE
174208,2372,2,3,1,0.44,2,TRUE
200713,2504,2.5,4,1,0.48,14,TRUE
102003,1184,1.5,2,0,0.16,20,FALSE
85939,1527,2,2,1,0.31,17,TRUE
210672,1764,2.5,3,1,1,8,TRUE
98389,1184,1.5,2,0,0.15,18,FALSE
102806,1168,2,3,0,0.14,21,FALSE
111239,912,1.5,2,0,0.16,20,FALSE
100397,912,1.5,2,0,0.16,18,FALSE
117703,1492,2.5,3,1,0.17,17,TRUE
152786,1508,2,3,1,0.36,20,TRUE
87852,1270,1,3,0,0.04,110,FALSE
180670,2310,2.5,4,1,0.65,31,TRUE
55817,1688,2,5,0,0.17,119,FALSE
230708,2548,2.5,3,1,0.36,3,TRUE
93846,1385,1.5,2,0,0.15,17,FALSE
243276,3271,2.5,4,1,0.97,1,TRUE
226304,1921,2,3,1,1,0,TRUE
119784,1560,1,2,0,0.36,25,FALSE
108478,1840,1,3,0,0.14,8,FALSE
154696,1704,2.5,3,1,0.43,17,TRUE
198622,1971,2.5,4,0,0.35,11,FALSE
167776,3106,2.5,4,0,5.51,8,FALSE
84291,924,1,3,0,0.91,15,FALSE
126436,1216,1,3,1,0.49,51,TRUE
129609,1635,1.5,4,0,0.28,52,FALSE
137127,1892,2,3,2,0.25,26,TRUE
277235,2950,2.5,4,1,0.41,1,TRUE
209555,2539,2.5,4,0,0.38,1,FALSE
101193,1375,1.5,2,1,0.07,21,TRUE
104084,1302,1.5,2,1,0.05,17,TRUE
99045,937,1,2,0,0.13,19,FALSE
334556,3376,2.5,4,1,0.83,7,TRUE
186605,2328,2.5,3,1,0.24,1,TRUE
210646,1994,2,3,1,1,49,TRUE
230414,2623,2.5,4,1,0.53,0,TRUE
208253,2602,2.5,4,1,0.37,1,TRUE
104084,1480,1.5,3,0,0.14,19,FALSE
94584,924,1,2,1,0.17,19,TRUE
233155,3236,2.5,4,1,2.5,0,TRUE
227994,1973,2.5,3,1,0.27,3,TRUE
115649,1422,1.5,3,0,0.23,20,FALSE
137044,1352,1.5,2,0,0.18,11,FALSE
261846,2772,2.5,4,1,0.29,0,TRUE
168739,1620,2,3,0,0.3,0,FALSE
236936,2500,2.5,4,1,0.46,11,TRUE
197581,1702,1.5,3,1,0.61,16,TRUE
297174,2748,2.5,4,1,0.92,3,TRUE
155414,2310,2.5,4,1,0.6,38,TRUE
141760,1740,1.5,3,0,0.53,36,FALSE
214367,2500,2.5,4,1,0.19,0,TRUE
146981,1832,1.5,3,1,0.67,30,TRUE
268260,2657,2.5,4,1,0.6,15,TRUE
69876,976,2,2,0,0.34,21,FALSE
143768,1612,1.5,3,1,0.43,37,TRUE
130917,1456,1,3,1,0.49,23,TRUE
187701,1992,2.5,4,1,0.4,30,TRUE
240872,2348,2.5,4,1,0.51,7,TRUE
206415,2676,2.5,4,1,0.89,34,TRUE
191790,2304,2.5,4,1,0.35,0,TRUE
312434,3440,2.5,4,1,0.63,3,TRUE
217226,2593,2.5,4,1,0.28,0,TRUE
176618,2162,2.5,4,1,0.38,19,TRUE
152786,1578,2.5,3,1,0.46,11,TRUE
190983,2088,2.5,4,1,0.49,22,TRUE
99082,924,1,2,1,0.15,20,TRUE
148585,1734,1.5,4,1,0.45,34,TRUE
129868,1792,2.5,2,1,0.08,24,TRUE
304045,2960,2.5,4,1,0.61,8,TRUE
265848,2993,2.5,4,1,1.34,15,TRUE
187087,2027,2.5,3,1,0.46,15,TRUE
220776,2421,2.5,4,2,0.48,13,TRUE
161190,1758,2,4,1,0.27,26,TRUE
184108,2702,1.5,5,1,0.35,31,TRUE
179524,2600,2.5,4,1,0.44,18,TRUE
244382,2572,2.5,4,1,1.03,6,TRUE
213137,2498,2.5,5,1,0.53,36,TRUE
244441,2396,2.5,3,1,2,5,TRUE
263938,2641,2.5,4,1,0.34,3,TRUE
271578,3123,2.5,4,1,0.49,14,TRUE
119937,2028,2,3,1,0.5,27,TRUE
504119,3721,2.5,5,1,1.14,14,TRUE
140945,1873,2.5,4,1,0.29,32,TRUE
236819,2608,2.5,4,1,0.58,4,TRUE
91672,929,1.5,2,0,0.17,21,FALSE
93200,924,1,2,1,0.31,19,TRUE
118409,1227,2,2,1,0.12,19,TRUE
180288,2294,2.5,5,1,0.4,36,TRUE
87852,976,2,2,0,0.31,23,FALSE
237583,2762,2.5,4,1,0.46,17,TRUE
357138,2618,1.5,3,1,1.92,1,TRUE
198622,2024,2,3,2,1.55,25,TRUE
148967,1864,1.5,3,1,4,154,TRUE
133688,1780,2.5,2,0,0.1,25,FALSE
156530,1734,2.5,4,1,0.39,29,TRUE
178760,2014,1.5,3,1,0.31,32,TRUE
103633,1314,1.5,2,0,0.21,21,FALSE
182334,2262,2.5,4,1,0.53,24,TRUE
204661,1927,2,3,1,0.33,3,TRUE
74422,2708,2,4,0,1.2,21,FALSE
161496,1910,2.5,4,0,0.36,20,FALSE
89306,1480,1.5,3,0,0.21,19,FALSE
152491,1875,2.5,4,1,0.71,31,TRUE
160007,1665,2,4,1,0.29,27,TRUE
212103,2170,2.5,3,1,0.25,3,TRUE
171171,1822,1.5,3,0,0.34,12,FALSE
171171,1784,1.5,3,0,0.51,104,FALSE
162612,1348,2,2,1,0.36,11,TRUE
95260,1480,1.5,3,1,0.07,15,TRUE
130239,1052,1.5,2,1,0.23,15,TRUE
125029,1836,2,3,0,0.35,27,FALSE
137681,1728,1.5,4,0,1.84,12,FALSE
175084,2214,2.5,3,1,0.46,22,TRUE
328491,2733,2.5,4,1,0.47,3,TRUE
282655,2931,3.5,4,1,0.46,12,TRUE
292524,2900,2.5,4,1,0.46,1,TRUE
140658,2254,1.5,4,1,0.43,31,TRUE
215824,2056,2.5,4,1,0.61,2,TRUE
165957,1212,1,2,1,2,87,TRUE
177998,2564,2.5,4,1,0.57,34,TRUE
260887,2176,2,3,1,0,36,TRUE
325262,3496,2.5,4,1,1.94,7,TRUE
114827,1332,1,3,1,0.02,45,TRUE
96958,1244,1.5,4,0,0.69,53,FALSE
104339,1290,2,3,0,1.19,16,FALSE
146609,1989,1.5,4,1,0.39,104,TRUE
150798,1212,1.5,3,0,1,6,FALSE
207347,2119,2.5,4,1,0.9,14,TRUE
199900,1808,1.5,2,1,2,6,TRUE
133199,1716,2,4,1,0.69,4,TRUE
167253,1872,2,3,1,1.55,16,TRUE
97682,1548,1.5,3,0,0.31,85,FALSE
79170,1536,2,3,0,0.15,105,FALSE
112877,1380,1,3,0,0.14,3,FALSE
78191,1080,2,3,0,1,15,FALSE
110738,1800,1.5,3,0,0.36,83,FALSE
101227,1754,1,4,0,0.1,110,FALSE
69463,1170,1,2,0,0.09,110,FALSE
167319,2088,2,3,1,0.9,2,TRUE
151950,1890,2,4,1,0.69,30,TRUE
188497,1742,2.5,3,1,0.4,5,TRUE
108002,1544,2,3,0,0.4,72,FALSE
104371,1463,1.5,3,0,0.42,125,FALSE
69814,840,1,1,1,0.18,57,TRUE
116938,988,1,3,0,0.26,10,FALSE
200791,1680,2.5,3,1,0.46,4,TRUE
162631,1804,2.5,3,1,0.37,2,TRUE
166222,1498,1.5,3,0,0.77,10,FALSE
146978,1656,1.5,3,1,0.42,18,TRUE
156820,1720,2,3,1,3.8,27,TRUE
170534,1820,2.5,3,1,2.06,18,TRUE
209371,2076,2.5,3,1,0.62,13,TRUE
153590,1820,1.5,4,1,0.34,45,TRUE
124585,1468,1,4,0,0.34,51,FALSE
122044,1637,1.5,3,0,0.76,54,FALSE
224668,2526,2.5,4,1,5.89,1,TRUE
116589,1322,1,3,0,0.67,63,FALSE
179572,1736,1.5,3,1,0.55,17,TRUE
190444,1836,2,3,1,0.43,0,TRUE
213249,1643,2.5,3,1,0.41,3,TRUE
181399,1842,1.5,3,0,0.53,8,FALSE
193565,2167,2.5,3,1,0.37,8,TRUE
148231,1475,1.5,3,0,0.42,21,FALSE
337918,3026,4,4,1,1.34,1,TRUE
124669,1092,1.5,3,0,0.35,35,FALSE
167975,2311,2.5,4,1,0.3,20,TRUE
90446,1256,1.5,3,0,0.21,19,FALSE
101230,1040,1,3,0,0.47,12,FALSE
91386,1120,1,3,0,0.11,14,FALSE
149078,1664,1.5,3,0,0.46,14,FALSE
121973,2268,1,3,0,3,25,FALSE
123827,1302,2,3,0,0.25,35,FALSE
109259,1239,1,3,1,0.37,33,TRUE
473938,780,1.5,2,0,0.19,55,FALSE
107766,1272,1,3,1,0.38,43,TRUE
578856,2472,2.5,3,1,0,6,TRUE
191746,1666,1,3,0,0.18,140,FALSE
146161,984,1,3,1,0.3,41,TRUE
140238,1322,1,3,0,1,130,FALSE
506149,2586,3,4,1,0.21,3,TRUE
107513,1008,1,3,0,0.22,38,FALSE
157430,1092,1,3,1,0.28,41,TRUE
330219,2576,2.5,3,1,0.55,31,TRUE
432845,3250,2.5,3,2,0.53,23,TRUE
240857,1445,1.5,3,1,0.2,17,TRUE
251259,1932,2,3,1,0.5,0,TRUE
169647,1430,2.5,3,0,0.16,5,FALSE
205950,1474,2,3,1,0.14,29,TRUE
338596,1908,3.5,4,1,0.24,17,TRUE
268783,2329,2,5,0,0.17,72,FALSE
118585,936,1,3,0,0.24,35,FALSE
113740,1920,1,3,1,0.27,34,TRUE
257499,1675,2.5,2,1,0.04,18,TRUE
152466,1600,2,4,0,0.46,35,FALSE
114519,1428,2,3,0,0.16,85,FALSE
247839,1536,1.5,3,1,NA,66,TRUE
181516,1924,2,3,0,1.04,16,FALSE
138914,1576,1.5,3,0,0.19,18,FALSE
108421,1288,1,3,0,0.34,32,FALSE
107411,840,1,2,0,0.21,2,FALSE
166019,1110,1,3,1,0.06,115,TRUE
93174,784,1,1,0,0.16,44,FALSE
599701,5114,4.5,5,2,0.34,131,TRUE
231749,1980,2,3,0,0.22,6,FALSE
137220,1290,1.5,3,1,0.14,16,TRUE
279522,2000,2.5,3,1,0.39,4,TRUE
250723,2490,2.5,4,1,0.3,4,TRUE
452745,1764,2.5,4,1,0.17,85,TRUE
142057,952,1,3,0,0.13,102,FALSE
111546,1560,1,3,0,0.3,31,FALSE
262461,2932,2.5,4,1,0.46,31,TRUE
492114,2563,2,4,0,0.17,55,FALSE
298549,2310,3,2,1,0.25,23,TRUE
156164,1792,2.5,3,0,0.29,6,FALSE
183657,1250,1.5,4,0,0.22,43,FALSE
160692,1500,2,2,1,0.4,18,TRUE
147634,864,1.5,3,0,0.16,39,FALSE
236215,1392,2.5,3,0,0.13,4,FALSE
109249,812,1,2,0,0.1,115,FALSE
139104,1760,3,4,0,0.16,135,FALSE
104328,898,1,2,1,0.61,57,TRUE
104984,1096,1,3,0,0.3,67,FALSE
90446,1200,2,3,0,0.56,10,FALSE
142420,2016,1.5,3,0,0.86,16,FALSE
52360,1310,1.5,4,0,0.24,120,FALSE
113796,960,1,3,0,0.36,40,FALSE
104267,1056,1,3,0,0.44,47,FALSE
129427,1512,2,3,0,0.46,16,FALSE
151950,1890,2.5,3,0,0.46,27,FALSE
172789,1812,2,3,1,1,16,TRUE
135526,1952,2.5,4,1,0.55,31,TRUE
148401,1856,1.5,3,1,0.6,37,TRUE
65615,924,1,3,0,3.17,39,FALSE
283851,2346,2.5,4,0,0.54,1,FALSE
130782,1274,1.5,3,0,0.44,14,FALSE
135526,1420,1.5,3,0,0.35,13,FALSE
184315,2296,2.5,4,0,0.58,19,FALSE
146329,2026,2.5,4,1,1,1,TRUE
55851,990,1.5,2,0,0.08,75,FALSE
111809,1711,1,3,0,0.45,112,FALSE
88092,3944,1,4,2,1.64,185,TRUE
26049,1344,2,3,0,0.92,13,FALSE
111702,878,1,2,0,0.14,28,FALSE
232989,2248,2.5,4,1,0.58,7,TRUE
235620,2107,1,2,1,0.09,1,TRUE
119389,1364,1.5,2,1,0.07,20,TRUE
112153,1270,1.5,3,1,0.09,18,TRUE
202527,2120,2.5,4,1,0.46,9,TRUE
150502,1668,2,3,1,0.26,18,TRUE
188497,2110,2.5,3,1,1,9,TRUE
129155,1242,2,2,1,0.13,3,TRUE
117287,1040,1,3,0,1.08,39,FALSE
209371,2084,2.5,3,2,0.43,5,TRUE
99903,1360,1,2,0,0.44,79,FALSE
205950,2024,2.5,4,1,0.52,10,TRUE
127055,1019,1.5,2,0,0.24,16,FALSE
311709,3028,2.5,5,1,0.66,0,TRUE
142302,1242,2,2,1,0.12,2,TRUE
177539,1528,2.5,3,0,0.46,8,FALSE
277828,2988,2.5,5,1,0.5,9,TRUE
196512,1428,2,3,1,0.39,20,TRUE
104984,1144,1.5,3,1,0.52,44,TRUE
157411,1666,2.5,3,0,0.26,2,FALSE
202751,2202,2.5,4,1,1.01,6,TRUE
104984,1184,2,3,0,0.16,21,FALSE
155929,2601,2.5,4,1,0.34,19,TRUE
226705,2510,2.5,4,1,0.44,1,TRUE
271339,3056,2.5,5,1,0.57,6,TRUE
126082,1592,1.5,3,1,0.16,18,TRUE
113600,1240,2,3,0,0.16,18,FALSE
104556,1673,2,2,0,0.15,18,FALSE
167145,1852,2.5,4,0,0.44,16,FALSE
106365,1184,2,3,1,0.15,20,TRUE
238951,2641,3,4,1,0.39,1,TRUE
116589,1184,2,3,0,0.16,18,FALSE
170345,1952,2,4,1,0.15,33,TRUE
218517,2038,2.5,3,1,0.98,13,TRUE
97739,1276,2,2,1,0.17,26,TRUE
105035,908,1,2,0,0.17,21,FALSE
233876,2434,2.5,4,1,1,20,TRUE
104651,912,1.5,2,1,0.17,19,TRUE
212932,2494,2.5,3,1,0.53,13,TRUE
278906,2960,2.5,4,1,0.37,1,TRUE
160571,1294,1.5,3,1,0.32,17,TRUE
184315,2152,2.5,3,0,0.3,8,FALSE
100967,988,1,2,0,0.15,20,FALSE
220261,2712,2.5,4,0,0.5,1,FALSE
189665,2203,2.5,3,1,0.57,1,TRUE
240590,3001,2.5,4,1,0.31,1,TRUE
169407,2310,2.5,4,1,0.47,33,TRUE
127394,2040,2.5,5,0,0.07,127,FALSE
222576,3144,2.5,4,1,0.49,1,TRUE
200510,1806,2,4,0,0.8,40,FALSE
155787,1540,1.5,3,0,0.43,16,FALSE
186348,2011,2.5,4,1,0.37,14,TRUE
217868,3344,3.5,4,1,0.36,1,TRUE
208635,2714,3,4,0,0.55,1,FALSE
82019,1518,1,3,0,0.04,130,FALSE
183066,1836,2.5,3,0,0.44,9,FALSE
236215,2066,2.5,3,1,0.39,2,TRUE
150849,1423,1.5,3,1,0.34,9,TRUE
178216,1512,2,3,1,0.77,12,TRUE
196846,2144,2.5,3,1,0.92,19,TRUE
135167,1610,2,3,0,0.1,17,FALSE
65550,1196,1.5,4,0,0.15,56,FALSE
143697,1376,1.5,3,1,0.53,14,TRUE
112153,1834,2,4,0,0.43,65,FALSE
163310,1720,1.5,3,0,0.36,19,FALSE
117907,1295,1.5,3,0,0.13,125,FALSE
49211,800,1,2,0,0.46,55,FALSE
187003,1868,2.5,3,1,0.36,13,TRUE
135823,1946,1.5,4,0,0.38,18,FALSE
113514,1142,2,2,1,0.76,40,TRUE
102530,1202,1.5,2,0,0.15,18,FALSE
75975,1300,2,3,1,0.49,227,TRUE
128434,1508,1.5,3,1,0.31,19,TRUE
185487,2271,2.5,3,1,0.35,1,TRUE
126082,1592,1.5,3,1,0.16,18,TRUE
98333,912,1.5,2,0,0.16,18,FALSE
104556,1673,2,2,0,0.15,18,FALSE
157081,2310,2.5,4,1,0.55,33,TRUE
92852,912,1.5,2,0,0.15,20,FALSE
238951,2641,3,4,1,0.39,1,TRUE
242952,1708,2,2,1,0.17,14,TRUE
75399,988,1,2,0,0.15,20,FALSE
220765,2058,2.5,3,1,0.31,1,TRUE
163992,2310,2.5,4,1,0.45,33,TRUE
233876,2434,2.5,4,1,1,20,TRUE
160571,1612,2,3,1,0.95,15,TRUE
251699,3081,2.5,4,1,0.3,1,TRUE
102626,1227,1,3,1,0.24,115,TRUE
203478,2762,3,4,1,0.54,1,TRUE
354739,3982,4.5,4,1,5.61,6,TRUE
184654,2212,2.5,4,1,0.32,18,TRUE
125361,1173,1,3,1,0.45,16,TRUE
237062,2604,2.5,4,1,0.33,0,TRUE
155787,1540,1.5,3,0,0.43,16,FALSE
236829,2472,3.5,4,1,0.31,0,TRUE
107743,1184,1.5,2,0,0.16,18,FALSE
210743,2120,2.5,3,0,0.54,10,FALSE
216841,2472,2.5,3,1,0.33,0,TRUE
118517,1592,1.5,3,0,0.17,18,FALSE
116795,1404,1.5,3,1,0.48,28,TRUE
158789,3344,2.5,4,1,0.37,0,TRUE
200126,1690,2.5,3,1,0.46,5,TRUE
178216,1512,2,3,1,0.77,12,TRUE
101375,1820,1.5,4,0,0.54,35,FALSE
103672,1476,2,3,0,0.66,6,FALSE
110234,1652,1.5,3,1,0.38,105,TRUE
206931,2331,2.5,4,1,1,1,TRUE
89893,960,1,2,0,0.36,48,FALSE
31113,1540,1,2,0,0.04,115,FALSE
59043,1668,1.5,4,0,0.06,115,FALSE
94064,912,1,3,0,0.35,37,FALSE
50483,743,1,3,0,0.05,105,FALSE
253433,3021,2.5,4,1,0.72,21,TRUE
144335,1274,2,3,1,0.48,20,TRUE
54210,792,1,2,0,0.4,55,FALSE
93895,960,1,3,0,0.26,48,FALSE
130574,1600,1,3,0,0.27,57,FALSE
94486,1150,1,3,0,0.34,45,FALSE
109577,1456,1.5,3,0,0.15,155,FALSE
253973,2464,2.5,4,2,1,2,TRUE
326330,1326,1,3,0,2,52,FALSE
284154,2808,2.5,4,1,0.6,1,TRUE
115771,1479,1.5,3,0,0.06,17,FALSE
201876,2498,2.5,4,1,0.43,38,TRUE
99491,1064,1,3,0,0.31,45,FALSE
151950,1792,2,3,1,0.64,17,TRUE
278936,3121,3,4,1,0.62,0,TRUE
101230,1032,1,2,1,0.12,23,TRUE
223055,2668,2.5,4,1,0.3,0,TRUE
237716,2996,2.5,4,1,0.35,1,TRUE
180817,1815,2.5,3,1,0.46,11,TRUE
101230,1281,1,2,0,0.19,8,FALSE
181516,2204,1.5,4,1,0.48,31,TRUE
191988,2096,3,3,1,0.28,18,TRUE
183610,2570,2.5,5,1,0.6,28,TRUE
237367,2936,2.5,4,1,0.33,6,TRUE
296708,3210,2.5,3,1,1,15,TRUE
272902,3020,2.5,4,1,0.41,1,TRUE
196875,2086,2.5,4,1,0.47,17,TRUE
139627,1980,1,4,0,7.16,205,FALSE
129155,1260,1.5,2,1,0.06,27,TRUE
198969,1938,2.5,3,1,0.63,26,TRUE
205950,2284,2.5,4,1,0.56,18,TRUE
208743,1804,2.5,3,1,0.23,4,TRUE
112400,1375,1.5,2,1,0.06,20,TRUE
174534,2226,2.5,4,1,0.43,31,TRUE
106117,1480,1.5,3,0,0.08,21,FALSE
107743,1228,1.5,3,0,0.21,21,FALSE
154499,1886,1.5,3,1,0.28,31,TRUE
136203,1479,1.5,2,1,0.06,20,TRUE
379472,3440,4,5,1,0.77,1,TRUE
189736,2588,2.5,4,1,0.35,31,TRUE
308253,2880,2.5,4,1,0.66,9,TRUE
134171,2133,1.5,4,1,0.28,34,TRUE
120279,1056,1,2,0,0.34,5,FALSE
112825,1314,1.5,2,1,0.06,20,TRUE
251400,2741,2.5,4,1,0.26,2,TRUE
125361,1326,1.5,2,1,0.06,19,TRUE
94868,1380,1,4,0,0.89,105,FALSE
110182,1480,1.5,3,1,0.29,20,TRUE
180927,2050,1.5,4,0,0.31,33,FALSE
233714,2338,2.5,4,1,0.47,16,TRUE
172795,1910,2.5,4,0,0.41,21,FALSE
150772,1652,2,3,1,0.48,20,TRUE
329328,3542,3.5,4,1,0.56,1,TRUE
88092,929,1.5,2,0,0.18,22,FALSE
187026,1831,2,3,1,0.47,19,TRUE
132138,1468,1.5,2,1,1.11,161,TRUE
163986,2039,2.5,4,1,0.52,18,TRUE
159920,1794,2,3,0,0.15,37,FALSE
150434,1666,1.5,4,0,0.56,38,FALSE
216530,2388,2.5,4,1,0.83,20,TRUE
262461,2505,2.5,4,1,0.03,1,TRUE
206688,2284,2.5,4,1,0.46,17,TRUE
190284,1879,2.5,3,1,0.27,5,TRUE
157476,1664,2,3,1,0.49,34,TRUE
347761,3820,4.5,4,1,1.4,18,TRUE
262461,2809,2.5,4,0,0.25,2,FALSE
194877,2066,2.5,4,1,0.65,35,TRUE
166335,1664,2,3,1,0.51,37,TRUE
193565,2350,2.5,3,1,0.3,15,TRUE
232934,2116,2.5,3,1,0.55,20,TRUE
108593,1480,1.5,3,0,0.08,19,FALSE
124013,1524,1.5,3,0,0.71,180,FALSE
100938,1034,1.5,3,0,0.16,15,FALSE
94064,1480,2.5,2,1,0.18,16,TRUE
109042,880,1,3,0,0.34,56,FALSE
159175,1512,2,3,0,0.25,12,FALSE
94667,912,1,3,0,0.51,34,FALSE
150434,1611,2,4,1,0.17,83,TRUE
149756,1470,2.5,3,1,0.23,11,TRUE
218475,2748,2.5,4,1,0.17,0,TRUE
172795,1512,1.5,3,1,0.18,15,TRUE
158565,1512,1.5,3,0,0.3,14,FALSE
60309,2039,1,3,0,0.24,55,FALSE
98256,1480,2.5,2,1,0.07,16,TRUE
238832,2872,3,5,1,0.21,0,TRUE
140269,1244,1.5,2,1,0.28,13,TRUE
98423,1355,1,3,0,0.47,60,FALSE
131165,1564,2,3,0,0.24,13,FALSE
93174,1022,1,3,0,0.44,55,FALSE
93895,1480,1.5,3,1,0.22,17,TRUE
213249,1904,2,2,2,2,2,TRUE
149078,1592,1.5,3,1,0.64,9,TRUE
155855,1332,1.5,3,1,0.86,9,TRUE
101375,960,1,3,0,0.46,19,FALSE
260485,2143,2.5,3,0,0.1,6,FALSE
108958,1514,1.5,3,0,0.17,19,FALSE
228291,1986,2.5,3,1,0.36,1,TRUE
214749,2286,2.5,4,1,0.49,11,TRUE
256417,2752,3,5,1,0.94,9,TRUE
173082,1656,2.5,3,1,0.35,18,TRUE
295426,3370,3,4,1,0.11,11,TRUE
193774,1932,2.5,4,1,0.41,4,TRUE
100003,1184,2,3,0,0.16,19,FALSE
222330,2712,3,5,1,0.43,1,TRUE
197350,2500,3.5,4,1,0.21,1,TRUE
95708,912,1.5,2,0,0.16,20,FALSE
249250,2604,2.5,4,1,0.27,1,TRUE
157055,1836,1.5,4,1,0.36,106,TRUE
102287,882,1.5,3,0,0.18,71,FALSE
178851,2002,2.5,4,1,1.03,14,TRUE
95708,912,1.5,2,0,0.16,20,FALSE
135901,1508,1.5,3,0,0.34,21,FALSE
44873,882,1.5,3,0,0.18,71,FALSE
182056,2396,2.5,4,1,0.27,28,TRUE
205070,2460,2.5,4,1,0.5,1,TRUE
201928,2322,2.5,4,1,0.42,22,TRUE
108785,1480,1.5,3,0,0.07,22,FALSE
270841,2306,2.5,3,1,0.79,1,TRUE
185902,2756,2.5,4,1,0.39,33,TRUE
150581,1664,2,3,1,0.49,33,TRUE
479670,3956,2.5,4,2,1,15,TRUE
285769,3125,2.5,4,1,0.53,3,TRUE
247125,2835,3,4,1,0.52,1,TRUE
203240,2464,2.5,4,1,0.58,42,TRUE
207751,2628,2.5,3,2,1,20,TRUE
124939,1099,1,2,0,0.39,9,FALSE
80130,1225,1,3,1,0.24,48,TRUE
227314,2764,2.5,4,1,0.07,1,TRUE
199733,840,1,2,0,0.35,50,FALSE
49564,1363,2,3,0,2.4,39,FALSE
106950,1472,1,3,1,0.93,28,TRUE
158338,1836,2.5,3,1,1,15,TRUE
169876,1774,2.5,3,1,0.36,1,TRUE
147440,1590,2.5,3,0,0.42,3,FALSE
208339,2109,2.5,2,0,0.26,1,FALSE
148496,1470,1.5,3,0,0.35,12,FALSE
197956,2314,2.5,4,1,NA,1,TRUE
67951,1040,1,2,0,0.17,19,FALSE
121798,1308,1,3,0,0.46,29,FALSE
242955,1954,1.5,2,1,0.22,66,TRUE
455140,1764,2.5,4,1,0.17,86,TRUE
217314,2498,2.5,4,1,0.3,14,TRUE
141029,1874,2.5,3,1,0.54,31,TRUE
318121,2892,3.5,4,1,7.76,1,TRUE
153850,2400,2,3,0,2.26,26,FALSE
88092,1572,1.5,4,1,0.06,50,TRUE
124939,1678,2.5,3,1,0.27,1,TRUE
107973,1388,1,3,0,0.23,60,FALSE
119875,1512,1.5,4,1,1,61,TRUE
66027,1653,2,3,0,0.48,79,FALSE
182649,1758,2.5,3,1,0.27,1,TRUE
206480,2310,2.5,3,0,1,18,FALSE
107695,1802,2,4,1,0.97,56,TRUE
236737,3239,3.5,4,2,2.5,1,TRUE
154829,1440,2,2,1,0.61,66,TRUE
179492,2030,2.5,3,1,1,3,TRUE
189108,2097,2.5,3,1,1.93,10,TRUE